{
    "loss": 2.005838632583618,
    "accuracy": 0.6978417038917542
}