{
    "loss": 11.891995429992676,
    "accuracy": 0.5179855823516846
}