{
    "loss": 8.45606803894043,
    "accuracy": 0.5179855823516846
}