{
    "loss": 3.9165613651275635,
    "accuracy": 0.5035971403121948
}